[
    {"id":0, "name":"Olivia", "password":"123456789"},
    {"id":1, "name":"Darianna", "password":"234567890"},
    {"id":2, "name":"Sabrina", "password":"345678901"},
    {"id":3, "name":"Adele", "password":"456789012"},
    {"id":4, "name":"Kim", "password":"567890123"},
    {"id":5, "name":"Majo", "password":"678901234"},
    {"id":6, "name":"Lluvia", "password":"789012345"},
    {"id":7, "name":"Sarai", "password":"890123456"},
    {"id":8, "name":"Gracie", "password":"9012345678"},
    {"id":9, "name":"Billie", "password":"0123456789"}
]