[
    {"id":1, "name":"Abraham Gonzalez", "password": "1234"},
    {"id":2, "name":"Billie Eilish", "password": "12345"},
    {"id":3, "name":"Olivia Rodrigo", "password": "123456"},
    {"id":4, "name":"Gracie Abrams", "password": "1234567"},
    {"id":5, "name":"Jared Spyker", "password": "12345678"},
    {"id":6, "name":"Sabrina Carpenter", "password": "123456789"},
    {"id":7, "name":"Conan Gray", "password": "1234567890"},
    {"id":8, "name":"Em Beihold", "password": "12345678901"},
    {"id":9, "name":"Julia Michaels", "password": "123456789012"},
    {"id":10, "name":"John Legend", "password": "1234567890123"}
]